step,episodes,mean_reward,mean_ces,completion_pct,solve_rate,on_time_pct,sync_rate,role_switch_rate,conflict_rate,human_share,mean_steps,policy_loss,value_loss,entropy,approx_kl,clip_frac,lr,seen_ces,held_out_ces,zsc_gap
2048,36,67.41,0.481,89.6,61.1,45.8,0.2333,0.3587,0.0,0.4477,55.72,-0.00986,2.6358,0.74925,0.00455,0.0627,0.0002985,,,
4096,71,63.74,0.4653,88.1,56.3,43.0,0.2253,0.3709,0.0,0.4453,57.03,-0.00888,1.61534,0.73434,0.00396,0.0437,0.0002969,,,
6144,110,67.44,0.4818,89.5,59.0,46.0,0.2334,0.3569,0.0,0.4337,55.47,-0.00875,1.54195,0.72821,0.00285,0.0344,0.0002954,,,
8192,150,71.66,0.4948,91.7,69.0,45.0,0.2372,0.3488,0.0,0.4209,53.06,-0.01171,1.43136,0.71101,0.00374,0.0496,0.0002939,,,
10240,193,82.38,0.5282,95.6,83.0,49.5,0.2477,0.3344,0.0,0.4088,49.87,-0.01017,0.94259,0.64799,0.00375,0.0471,0.0002923,,,
12288,237,90.49,0.5542,98.1,92.0,54.0,0.2634,0.3086,0.0,0.3969,47.8,-0.00684,0.96348,0.63766,0.00238,0.0289,0.0002908,,,
14336,283,92.69,0.5694,98.9,95.0,56.5,0.2738,0.3161,0.0,0.4024,45.8,-0.0107,0.72965,0.59934,0.00398,0.0591,0.0002892,,,
16384,330,96.02,0.5838,99.0,96.0,61.5,0.2745,0.3249,0.0,0.4007,44.4,-0.01154,0.60792,0.56618,0.00426,0.0663,0.0002877,,,
18432,379,98.75,0.5926,99.2,98.0,63.0,0.2759,0.3239,0.0,0.3924,42.76,-0.01239,0.65287,0.53746,0.00488,0.0808,0.0002862,,,
20480,429,99.85,0.6029,99.0,96.0,65.5,0.2892,0.3121,0.0,0.39,41.29,-0.01103,0.56945,0.48747,0.00405,0.0491,0.0002846,,,
22528,478,104.88,0.6176,99.8,98.0,71.0,0.2927,0.284,0.0,0.3717,41.09,-0.00982,0.38657,0.42867,0.00336,0.0452,0.0002831,,,
24576,533,108.65,0.6285,99.8,99.0,74.5,0.2883,0.2767,0.0,0.3595,39.61,-0.00661,0.4407,0.43097,0.00175,0.0214,0.0002816,,,
26624,589,111.09,0.6433,99.5,98.0,77.5,0.3099,0.2856,0.0,0.3658,37.27,-0.00725,0.45321,0.37276,0.00275,0.0377,0.00028,,,
28672,646,113.45,0.6518,100.0,100.0,78.5,0.3239,0.2769,0.0,0.366,36.33,-0.00641,0.29127,0.35838,0.00232,0.0306,0.0002785,,,
30720,703,113.8,0.6564,100.0,100.0,80.0,0.3317,0.2693,0.0,0.3714,36.19,-0.00697,0.32811,0.34545,0.00264,0.0364,0.000277,,,
32768,760,112.85,0.6525,100.0,100.0,78.0,0.331,0.2641,0.0,0.363,36.09,-0.00684,0.39001,0.33243,0.00267,0.0369,0.0002754,,,
34816,817,113.17,0.655,100.0,100.0,79.0,0.3277,0.262,0.0,0.3582,35.77,-0.00831,0.29365,0.31803,0.00304,0.0347,0.0002739,,,
36864,876,114.47,0.659,100.0,100.0,80.0,0.3352,0.2491,0.0,0.3491,35.44,-0.00591,0.23067,0.28072,0.00179,0.026,0.0002724,,,
38912,937,117.83,0.6723,100.0,100.0,84.0,0.3359,0.252,0.0,0.3608,33.63,-0.00734,0.24709,0.2634,0.00277,0.0409,0.0002708,,,
40960,997,116.63,0.6677,100.0,100.0,82.0,0.3435,0.2446,0.0,0.3441,34.25,-0.00599,0.23017,0.25056,0.00202,0.0286,0.0002693,0.654,0.6329,0.0211
43008,1059,117.03,0.6728,100.0,100.0,83.5,0.3417,0.2424,0.0,0.3545,33.41,-0.00807,0.17342,0.2529,0.00259,0.0376,0.0002677,,,
45056,1119,116.86,0.6745,100.0,100.0,83.5,0.3555,0.2278,0.0,0.3441,33.53,-0.00337,0.16284,0.21276,0.00137,0.015,0.0002662,,,
47104,1177,115.4,0.6607,100.0,100.0,77.5,0.3693,0.1932,0.0,0.2967,34.88,-0.0029,0.18542,0.18887,0.00148,0.0211,0.0002647,,,
49152,1243,118.35,0.6774,100.0,100.0,83.0,0.3608,0.2245,0.0,0.3331,32.45,-0.00546,0.19093,0.20734,0.00201,0.03,0.0002631,,,
51200,1304,118.29,0.6765,100.0,100.0,83.5,0.3558,0.2164,0.0,0.329,32.85,-0.00295,0.20473,0.18567,0.00094,0.0134,0.0002616,,,
53248,1365,116.33,0.6689,100.0,100.0,81.0,0.3558,0.2051,0.0,0.3139,33.77,-0.0028,0.15869,0.17596,0.00113,0.0145,0.0002601,,,
55296,1428,116.06,0.6694,100.0,100.0,80.0,0.3607,0.2031,0.0,0.3108,33.14,-0.00461,0.20211,0.17259,0.00128,0.0157,0.0002585,,,
57344,1492,117.54,0.6741,100.0,100.0,83.0,0.3369,0.1997,0.0,0.3214,32.35,-0.00414,0.1201,0.17582,0.0015,0.0228,0.000257,,,
59392,1553,119.71,0.6772,100.0,100.0,85.5,0.3311,0.1907,0.0,0.3123,32.72,-0.00171,0.17015,0.15917,0.00089,0.0105,0.0002555,,,
61440,1614,119.09,0.6753,100.0,100.0,83.0,0.372,0.1854,0.0,0.2918,33.78,-0.00294,0.17094,0.15091,0.00117,0.0154,0.0002539,,,
63488,1673,116.56,0.666,100.0,100.0,79.5,0.3659,0.1738,0.0,0.2798,34.26,-0.00348,0.10671,0.1255,0.00108,0.0139,0.0002524,,,
65536,1736,116.63,0.6691,100.0,100.0,80.5,0.3543,0.1864,0.0,0.2959,33.26,-0.00246,0.1317,0.13507,0.00133,0.0135,0.0002508,,,
67584,1799,117.86,0.6743,100.0,100.0,82.0,0.3594,0.1851,0.0,0.297,32.75,-0.00321,0.15973,0.11924,0.00093,0.0146,0.0002493,,,
69632,1862,118.97,0.6774,100.0,100.0,83.5,0.3505,0.1778,0.0,0.2965,32.27,-0.00204,0.10041,0.1115,0.00088,0.0135,0.0002478,,,
71680,1922,117.53,0.6662,100.0,100.0,80.0,0.3478,0.1692,0.0,0.2837,33.6,-0.0036,0.15311,0.10954,0.00182,0.0179,0.0002462,,,
73728,1984,117.75,0.6676,100.0,100.0,80.5,0.3452,0.1749,0.0,0.2901,33.31,-0.00165,0.11857,0.11116,0.00052,0.0084,0.0002447,,,
75776,2048,118.88,0.6819,100.0,100.0,85.0,0.3619,0.186,0.0,0.3025,32.32,-0.00218,0.15062,0.11444,0.00089,0.0118,0.0002432,,,
77824,2111,119.01,0.6807,100.0,100.0,84.5,0.3593,0.1941,0.0,0.3068,32.25,-0.00249,0.13983,0.10127,0.00116,0.0149,0.0002416,,,
79872,2177,120.04,0.6828,100.0,100.0,85.0,0.3568,0.2062,0.0,0.3244,31.76,-0.00136,0.16808,0.11532,0.00052,0.0061,0.0002401,,,
81920,2239,120.23,0.6812,100.0,100.0,85.5,0.3432,0.1932,0.0,0.3151,31.95,-0.00258,0.1487,0.10698,0.00106,0.0131,0.0002386,0.6867,0.6982,-0.0115
83968,2305,120.51,0.684,100.0,100.0,85.5,0.3575,0.2004,0.0,0.3161,31.72,-0.00142,0.15142,0.10417,0.00071,0.009,0.000237,,,
86016,2367,120.56,0.6828,100.0,100.0,85.5,0.3637,0.1994,0.0,0.3076,32.47,-0.00121,0.16037,0.08983,0.0005,0.0067,0.0002355,,,
88064,2430,119.2,0.6802,100.0,100.0,83.5,0.375,0.1898,0.0,0.2993,32.58,-0.00152,0.12979,0.09285,0.00079,0.0095,0.000234,,,
90112,2497,119.5,0.6826,100.0,100.0,85.0,0.3551,0.1912,0.0,0.3149,31.72,-0.00256,0.09529,0.09498,0.0009,0.0106,0.0002324,,,
92160,2563,121.12,0.6869,100.0,100.0,87.5,0.3335,0.2011,0.0,0.331,30.86,-0.00295,0.15369,0.08869,0.00085,0.0094,0.0002309,,,
94208,2628,120.32,0.6864,100.0,100.0,86.5,0.3528,0.2004,0.0,0.3189,31.34,-0.00204,0.12497,0.08977,0.00066,0.009,0.0002293,,,
96256,2694,121.17,0.6885,100.0,100.0,87.0,0.364,0.1926,0.0,0.3107,31.54,-0.00283,0.08793,0.08511,0.00095,0.0089,0.0002278,,,
98304,2759,119.6,0.6816,100.0,100.0,85.0,0.341,0.1929,0.0,0.3183,31.35,-0.00296,0.11341,0.0885,0.0012,0.0111,0.0002263,,,
100352,2827,122.13,0.6904,100.0,100.0,88.0,0.3542,0.199,0.0,0.3283,31.05,-0.00331,0.12959,0.09623,0.00113,0.0145,0.0002247,,,
102400,2891,123.35,0.6914,100.0,100.0,88.0,0.3603,0.2028,0.0,0.3315,31.04,-0.00111,0.1271,0.08167,0.00032,0.0037,0.0002232,,,
104448,2960,122.97,0.6985,100.0,100.0,91.5,0.3438,0.2022,0.0,0.3414,30.12,-0.00221,0.1159,0.0949,0.0008,0.0088,0.0002217,,,
106496,3025,122.32,0.6893,100.0,100.0,88.0,0.3521,0.1872,0.0,0.319,31.34,-0.00145,0.12343,0.0883,0.00118,0.0103,0.0002201,,,
108544,3089,121.31,0.6862,100.0,100.0,86.5,0.3576,0.1878,0.0,0.3136,31.64,-0.00126,0.13734,0.0789,0.00063,0.0089,0.0002186,,,
110592,3155,122.53,0.6953,100.0,100.0,89.0,0.376,0.1914,0.0,0.3169,31.2,-0.00156,0.16419,0.08234,0.0005,0.0072,0.0002171,,,
112640,3217,120.0,0.6818,100.0,100.0,84.0,0.366,0.1809,0.0,0.3097,31.88,-0.00162,0.10561,0.07772,0.00054,0.0073,0.0002155,,,
114688,3282,118.89,0.6766,100.0,100.0,83.5,0.3312,0.1785,0.0,0.3172,31.53,-0.00196,0.15541,0.07803,0.00111,0.0131,0.000214,,,
116736,3347,119.32,0.6816,100.0,100.0,84.5,0.3581,0.1817,0.0,0.3084,31.9,-0.00308,0.12108,0.07175,0.00107,0.0095,0.0002124,,,
118784,3413,120.83,0.69,100.0,100.0,87.5,0.3582,0.1933,0.0,0.3157,31.07,-0.00069,0.10937,0.06798,0.0002,0.0022,0.0002109,,,
120832,3476,120.23,0.6821,100.0,100.0,85.0,0.3546,0.1772,0.0,0.2982,31.89,-0.00114,0.14604,0.06303,0.00057,0.0063,0.0002094,0.6882,0.6993,-0.0111
122880,3541,119.89,0.6796,100.0,100.0,84.5,0.3489,0.1677,0.0,0.2968,32.11,-0.00128,0.10079,0.0653,0.00054,0.0059,0.0002078,,,
124928,3607,120.82,0.6827,100.0,100.0,84.5,0.3572,0.1781,0.0,0.3066,31.47,-0.00175,0.09764,0.06336,0.00082,0.0072,0.0002063,,,
126976,3673,121.23,0.6828,100.0,100.0,85.5,0.3336,0.1921,0.0,0.3266,30.89,-0.00302,0.10222,0.0706,0.00103,0.0116,0.0002048,,,
129024,3737,120.39,0.6812,100.0,100.0,85.5,0.3405,0.1815,0.0,0.3063,31.79,-0.00097,0.108,0.0636,0.00036,0.0049,0.0002032,,,
131072,3800,118.67,0.6819,100.0,100.0,84.5,0.3668,0.1794,0.0,0.2967,32.23,-0.00144,0.12384,0.06804,0.0008,0.0111,0.0002017,,,
133120,3862,118.24,0.6729,100.0,100.0,81.5,0.3645,0.1579,0.0,0.2737,33.17,-0.00072,0.08898,0.06555,0.00026,0.004,0.0002002,,,
135168,3925,119.58,0.6779,100.0,100.0,83.5,0.3619,0.1766,0.0,0.2898,32.67,-0.00102,0.10629,0.06993,0.00046,0.0062,0.0001986,,,
137216,3989,118.42,0.673,100.0,100.0,81.5,0.356,0.1691,0.0,0.2888,32.68,-0.00081,0.12158,0.06742,0.00035,0.0044,0.0001971,,,
139264,4053,118.86,0.6781,100.0,100.0,83.0,0.3581,0.175,0.0,0.2922,32.08,-0.00107,0.07811,0.06525,0.00035,0.0051,0.0001956,,,
141312,4119,120.21,0.6849,100.0,100.0,86.5,0.3434,0.1816,0.0,0.3118,31.35,-0.00053,0.07362,0.06966,0.00064,0.0082,0.000194,,,
143360,4183,121.92,0.69,100.0,100.0,88.0,0.3678,0.1841,0.0,0.3034,31.9,-0.00127,0.15347,0.06285,0.00047,0.0051,0.0001925,,,
145408,4247,121.64,0.6878,100.0,100.0,87.5,0.3653,0.1778,0.0,0.2925,32.21,-0.0001,0.08969,0.06863,0.0008,0.0071,0.0001909,,,
147456,4309,119.8,0.6836,100.0,100.0,85.5,0.3725,0.1757,0.0,0.288,32.65,-0.0016,0.10839,0.06837,0.00107,0.009,0.0001894,,,
149504,4371,118.64,0.6761,100.0,100.0,82.5,0.37,0.1642,0.0,0.2757,33.05,-0.00249,0.15242,0.06626,0.00107,0.0096,0.0001879,,,
151552,4434,117.99,0.6745,100.0,100.0,81.5,0.3722,0.1659,0.0,0.2792,33.0,-0.00144,0.10983,0.06508,0.00082,0.0074,0.0001863,,,
153600,4499,119.71,0.6848,100.0,100.0,85.5,0.3686,0.191,0.0,0.3083,32.04,-0.0017,0.09401,0.07301,0.00105,0.0089,0.0001848,,,
155648,4562,119.71,0.6855,100.0,100.0,85.0,0.3855,0.1876,0.0,0.3027,32.3,-0.00109,0.1141,0.06624,0.0012,0.0103,0.0001833,,,
157696,4627,120.9,0.6879,100.0,100.0,87.0,0.3601,0.1822,0.0,0.3126,31.55,-0.00146,0.10507,0.0686,0.00053,0.0065,0.0001817,,,
159744,4690,119.91,0.6767,100.0,100.0,81.5,0.3733,0.1729,0.0,0.2917,32.3,-0.00199,0.14019,0.06642,0.00044,0.0063,0.0001802,,,
161792,4755,120.21,0.6814,100.0,100.0,82.5,0.3719,0.19,0.0,0.3093,31.28,-0.00375,0.11069,0.06999,0.00101,0.0104,0.0001787,0.6879,0.6423,0.0455
163840,4821,121.94,0.6887,100.0,100.0,88.5,0.3315,0.1968,0.0,0.3263,30.81,-0.00077,0.06704,0.0652,0.00045,0.0071,0.0001771,,,
165888,4885,120.45,0.6793,100.0,100.0,83.5,0.364,0.1722,0.0,0.2961,32.29,-0.00095,0.08595,0.06602,0.00027,0.0029,0.0001756,,,
167936,4948,119.74,0.6789,100.0,100.0,83.0,0.3736,0.1695,0.0,0.288,32.59,-0.00158,0.12574,0.06339,0.00035,0.0051,0.000174,,,
169984,5014,120.55,0.6846,100.0,100.0,86.0,0.3599,0.1824,0.0,0.3022,31.98,-0.00173,0.09086,0.07448,0.00051,0.0071,0.0001725,,,
172032,5076,120.76,0.6841,100.0,100.0,86.0,0.3627,0.1709,0.0,0.2994,32.31,-0.00099,0.12105,0.07523,0.00154,0.0109,0.000171,,,
174080,5142,119.47,0.6821,100.0,100.0,85.5,0.3462,0.1842,0.0,0.3123,31.78,-0.00117,0.09712,0.07508,0.0002,0.002,0.0001694,,,
176128,5207,120.28,0.6856,100.0,100.0,86.5,0.3483,0.192,0.0,0.3223,31.37,-0.00236,0.09891,0.0671,0.00112,0.0145,0.0001679,,,
178176,5271,121.9,0.6892,100.0,100.0,87.5,0.3635,0.1865,0.0,0.3154,31.62,-0.00168,0.09285,0.05864,0.00052,0.0066,0.0001664,,,
180224,5336,121.39,0.6883,100.0,100.0,86.5,0.377,0.1919,0.0,0.3093,31.94,-0.00172,0.11973,0.05324,0.00064,0.0049,0.0001648,,,
182272,5401,120.64,0.6877,100.0,100.0,86.5,0.3625,0.1929,0.0,0.3205,31.38,-0.00108,0.08827,0.06028,0.00056,0.0076,0.0001633,,,
184320,5467,122.32,0.6927,100.0,100.0,89.0,0.3539,0.2056,0.0,0.3323,30.94,0.00091,0.09533,0.05411,0.00082,0.0033,0.0001618,,,
186368,5530,120.26,0.6834,100.0,100.0,84.5,0.3797,0.1901,0.0,0.3057,32.39,-0.00155,0.11588,0.04935,0.00031,0.0045,0.0001602,,,
188416,5594,121.02,0.6849,100.0,100.0,87.0,0.3507,0.1899,0.0,0.3143,32.1,-0.00175,0.09733,0.05167,0.00075,0.0087,0.0001587,,,
190464,5657,118.99,0.6703,100.0,100.0,81.5,0.3364,0.174,0.0,0.2955,32.59,-0.00078,0.1259,0.04226,0.0003,0.0045,0.0001572,,,
192512,5722,119.52,0.6752,100.0,100.0,81.5,0.3552,0.1894,0.0,0.3118,31.87,-0.00176,0.12867,0.05046,0.00122,0.0093,0.0001556,,,
194560,5787,120.8,0.687,100.0,100.0,87.0,0.353,0.1934,0.0,0.3212,31.5,-0.00111,0.10885,0.04798,0.00027,0.0034,0.0001541,,,
196608,5852,120.08,0.6881,100.0,100.0,85.0,0.3948,0.1912,0.0,0.3073,31.88,-0.00145,0.12388,0.04457,0.00035,0.0042,0.0001525,,,
198656,5917,120.97,0.6891,100.0,100.0,84.0,0.4049,0.1986,0.0,0.3148,31.36,-0.00039,0.13487,0.0473,0.00013,0.0018,0.000151,,,
200704,5983,121.24,0.6899,100.0,100.0,86.5,0.3819,0.1977,0.0,0.3158,31.65,-0.00071,0.11044,0.05236,0.00035,0.0051,0.0001495,0.6892,0.6985,-0.0093
202752,6047,121.17,0.6827,100.0,100.0,85.0,0.358,0.1945,0.0,0.318,31.85,-0.00041,0.08576,0.05218,9e-05,0.0012,0.0001479,,,
204800,6114,121.79,0.6918,100.0,100.0,88.0,0.3627,0.2117,0.0,0.336,31.02,-0.001,0.08697,0.04915,0.00025,0.0024,0.0001464,,,
206848,6181,123.33,0.7021,100.0,100.0,91.0,0.3741,0.2282,0.0,0.3573,30.09,-0.00044,0.0711,0.05096,0.00018,0.0017,0.0001449,,,
208896,6247,120.42,0.6882,100.0,100.0,86.0,0.3647,0.2051,0.0,0.3325,30.97,-0.00102,0.10469,0.05185,0.00055,0.0051,0.0001433,,,
210944,6314,121.82,0.6922,100.0,100.0,89.0,0.3455,0.2144,0.0,0.3479,30.67,-0.00238,0.07456,0.05563,0.00309,0.0115,0.0001418,,,
212992,6377,120.91,0.6881,100.0,100.0,87.5,0.349,0.2086,0.0,0.3363,31.25,-0.00103,0.07461,0.04839,0.00071,0.0059,0.0001403,,,
215040,6444,120.65,0.6858,100.0,100.0,86.0,0.356,0.1983,0.0,0.3245,31.37,-0.00097,0.10674,0.05113,0.0005,0.0057,0.0001387,,,
217088,6508,118.94,0.6822,100.0,100.0,83.5,0.3679,0.1985,0.0,0.3187,31.49,-0.00126,0.1133,0.04912,0.00058,0.0067,0.0001372,,,
219136,6574,118.89,0.6829,100.0,100.0,83.5,0.3725,0.1999,0.0,0.3191,31.51,-0.00164,0.08246,0.05163,0.00045,0.0042,0.0001356,,,
221184,6641,121.8,0.6891,100.0,100.0,88.0,0.3405,0.2098,0.0,0.3417,30.78,-0.002,0.07609,0.04982,0.00163,0.0083,0.0001341,,,
223232,6705,120.46,0.6798,100.0,100.0,84.0,0.345,0.196,0.0,0.3215,31.49,-0.00142,0.14501,0.04379,0.00073,0.006,0.0001326,,,
225280,6771,120.45,0.685,100.0,100.0,85.5,0.3539,0.2056,0.0,0.3323,31.18,-0.00031,0.09612,0.04943,0.00034,0.0057,0.000131,,,
227328,6835,120.17,0.6818,100.0,100.0,84.0,0.3545,0.2022,0.0,0.329,31.27,-0.00097,0.11385,0.04423,0.00029,0.0039,0.0001295,,,
229376,6901,122.2,0.6858,100.0,100.0,86.0,0.3595,0.1973,0.0,0.3196,31.53,-0.00054,0.08986,0.04401,0.00024,0.0038,0.000128,,,
231424,6967,121.8,0.6888,100.0,100.0,87.5,0.35,0.2006,0.0,0.3328,31.04,-0.00178,0.09841,0.05137,0.00076,0.0087,0.0001264,,,
233472,7031,118.98,0.6764,100.0,100.0,83.0,0.3334,0.1945,0.0,0.322,31.37,-0.00128,0.08883,0.0457,0.00055,0.006,0.0001249,,,
235520,7098,120.83,0.6857,100.0,100.0,85.0,0.3661,0.2055,0.0,0.3258,31.24,-0.00145,0.11773,0.04736,0.0003,0.0037,0.0001234,,,
237568,7162,121.2,0.6838,100.0,100.0,85.0,0.3652,0.1977,0.0,0.3178,31.86,-0.00117,0.12101,0.04472,0.00021,0.0035,0.0001218,,,
239616,7226,120.55,0.6848,100.0,100.0,85.5,0.3668,0.1944,0.0,0.3164,31.92,-0.00225,0.09271,0.04271,0.00043,0.0052,0.0001203,,,
241664,7292,121.1,0.6886,100.0,100.0,85.5,0.3796,0.2034,0.0,0.3247,31.28,-0.001,0.12522,0.04105,0.00027,0.0028,0.0001188,0.6892,0.6837,0.0055
243712,7353,119.3,0.6815,100.0,100.0,83.0,0.3819,0.1997,0.0,0.3199,32.12,-0.00213,0.15159,0.04553,0.0007,0.007,0.0001172,,,
245760,7418,120.8,0.6866,100.0,100.0,85.5,0.3815,0.1935,0.0,0.3156,32.08,-0.00067,0.09624,0.04647,0.00028,0.0028,0.0001157,,,
247808,7485,122.31,0.6933,100.0,100.0,89.0,0.3562,0.2136,0.0,0.3422,30.84,-0.00119,0.10731,0.0426,0.00088,0.0052,0.0001141,,,
249856,7551,122.73,0.6908,100.0,100.0,89.0,0.3361,0.2172,0.0,0.3465,30.65,-0.00099,0.09427,0.03425,0.00018,0.0026,0.0001126,,,
251904,7619,123.35,0.6976,100.0,100.0,91.5,0.3361,0.2249,0.0,0.3595,30.03,-0.00049,0.09198,0.03633,0.00019,0.0024,0.0001111,,,
253952,7685,122.41,0.6973,100.0,100.0,91.0,0.3513,0.2188,0.0,0.3498,30.58,-0.00101,0.08341,0.03719,0.00038,0.0044,0.0001095,,,
256000,7750,121.26,0.6906,100.0,100.0,86.5,0.3799,0.207,0.0,0.3306,31.28,-0.00041,0.09028,0.03766,0.00028,0.0033,0.000108,,,
258048,7816,120.71,0.6864,100.0,100.0,86.5,0.3448,0.2048,0.0,0.3387,30.91,-0.00051,0.07399,0.03633,0.00011,0.0018,0.0001065,,,
260096,7881,121.75,0.6905,100.0,100.0,89.0,0.3371,0.211,0.0,0.3457,30.82,-0.00106,0.11996,0.03683,0.00029,0.0033,0.0001049,,,
262144,7946,120.94,0.6877,100.0,100.0,86.5,0.3654,0.2064,0.0,0.3299,31.53,-0.00053,0.10541,0.03396,0.00023,0.0021,0.0001034,,,
264192,8013,122.41,0.6968,100.0,100.0,89.5,0.3681,0.2119,0.0,0.3414,30.61,-0.00066,0.09716,0.03604,9e-05,0.0012,0.0001019,,,
266240,8076,118.43,0.6823,100.0,100.0,84.0,0.3781,0.1898,0.0,0.311,32.33,-0.00046,0.07654,0.03582,0.00025,0.0029,0.0001003,,,
268288,8139,117.63,0.6754,100.0,100.0,81.0,0.3818,0.1818,0.0,0.2934,32.87,-0.00126,0.0884,0.03451,0.0002,0.0024,9.88e-05,,,
270336,8204,120.14,0.6866,100.0,100.0,85.0,0.3784,0.2019,0.0,0.3258,31.56,-0.00149,0.12725,0.04524,0.00048,0.0057,9.72e-05,,,
272384,8270,121.81,0.6961,100.0,100.0,88.5,0.3835,0.2153,0.0,0.339,30.95,-0.00023,0.11316,0.03773,0.00016,0.0021,9.57e-05,,,
274432,8332,118.64,0.6799,100.0,100.0,83.5,0.3695,0.1905,0.0,0.3077,32.4,-0.00049,0.09682,0.03339,0.00019,0.0035,9.42e-05,,,
276480,8399,119.63,0.6821,100.0,100.0,86.0,0.3334,0.1978,0.0,0.3301,31.46,-0.0006,0.07913,0.04001,0.00026,0.0029,9.26e-05,,,
278528,8466,121.14,0.6876,100.0,100.0,87.5,0.3348,0.216,0.0,0.3548,30.68,-0.00048,0.0884,0.04033,8e-05,0.0009,9.11e-05,,,
280576,8534,121.05,0.6934,100.0,100.0,89.0,0.3377,0.2363,0.0,0.38,29.84,-0.0003,0.08206,0.04088,0.00011,0.0012,8.96e-05,0.6892,0.6587,0.0305
282624,8598,119.77,0.6843,100.0,100.0,86.0,0.3382,0.2197,0.0,0.3521,30.94,-0.00076,0.09805,0.03796,0.00038,0.0031,8.8e-05,,,
284672,8665,120.52,0.6851,100.0,100.0,85.0,0.3696,0.2129,0.0,0.332,31.63,-0.00049,0.08442,0.04052,0.00025,0.0027,8.65e-05,,,
286720,8731,120.39,0.6869,100.0,100.0,86.5,0.3491,0.2187,0.0,0.346,30.95,-0.0002,0.08188,0.03603,0.00013,0.0006,8.5e-05,,,
288768,8798,121.94,0.6941,100.0,100.0,89.5,0.3476,0.2157,0.0,0.3506,30.46,-0.00063,0.08228,0.04327,0.00041,0.0052,8.34e-05,,,
290816,8862,120.91,0.6842,100.0,100.0,84.5,0.3741,0.2009,0.0,0.3186,31.83,-0.00115,0.09418,0.0355,0.00013,0.0018,8.19e-05,,,
292864,8926,119.99,0.6804,100.0,100.0,82.5,0.3693,0.2029,0.0,0.3226,31.51,-0.00039,0.07231,0.03357,0.00017,0.0022,8.04e-05,,,
294912,8992,121.95,0.6925,100.0,100.0,87.5,0.3709,0.2219,0.0,0.3406,30.85,-0.00062,0.0882,0.03586,0.00012,0.0011,7.88e-05,,,
296960,9059,124.26,0.6999,100.0,100.0,90.5,0.3723,0.2201,0.0,0.3458,30.42,-0.00139,0.07143,0.03228,0.00056,0.0031,7.73e-05,,,
299008,9125,122.82,0.695,100.0,100.0,89.0,0.3635,0.2177,0.0,0.3433,30.62,0.00028,0.08185,0.03353,0.00026,0.0023,7.57e-05,,,
301056,9191,120.2,0.6867,100.0,100.0,85.0,0.3737,0.2152,0.0,0.3323,31.27,-0.00058,0.08428,0.03275,0.00016,0.0024,7.42e-05,,,
303104,9255,120.55,0.6817,100.0,100.0,84.5,0.35,0.1988,0.0,0.3245,31.43,-0.00044,0.09641,0.02908,0.00013,0.0021,7.27e-05,,,
305152,9319,120.42,0.6813,100.0,100.0,84.0,0.3566,0.1942,0.0,0.3201,31.57,-0.00051,0.11574,0.03062,0.00018,0.0021,7.11e-05,,,
307200,9384,119.96,0.6869,100.0,100.0,85.0,0.3814,0.2052,0.0,0.3266,31.61,-0.00083,0.12356,0.03287,0.00044,0.0045,6.96e-05,,,
309248,9445,120.01,0.6842,100.0,100.0,85.0,0.3701,0.2015,0.0,0.3188,31.97,-0.00116,0.1311,0.03723,0.00054,0.0052,6.81e-05,,,
311296,9511,120.24,0.6819,100.0,100.0,85.0,0.3589,0.1935,0.0,0.3137,32.19,-0.0014,0.07298,0.03316,0.00029,0.0031,6.65e-05,,,
313344,9573,119.46,0.6795,100.0,100.0,82.5,0.3763,0.1928,0.0,0.3113,32.19,-0.00081,0.09989,0.03207,0.00037,0.0035,6.5e-05,,,
315392,9639,119.68,0.6842,100.0,100.0,86.0,0.3513,0.2027,0.0,0.3258,31.68,-0.00015,0.08489,0.03312,0.00021,0.0028,6.35e-05,,,
317440,9706,121.44,0.6918,100.0,100.0,88.0,0.3584,0.2171,0.0,0.3489,30.79,-0.00085,0.12776,0.03508,0.00011,0.0015,6.19e-05,,,
319488,9772,122.18,0.6929,100.0,100.0,88.5,0.3573,0.2177,0.0,0.3452,30.7,-0.00083,0.10257,0.03372,0.00011,0.0018,6.04e-05,,,
321536,9841,123.2,0.6973,100.0,100.0,90.5,0.3381,0.2399,0.0,0.3757,29.54,-0.00037,0.06974,0.03496,0.0001,0.0012,5.88e-05,0.6892,0.6992,-0.0101
323584,9905,120.66,0.6846,100.0,100.0,84.5,0.3738,0.2018,0.0,0.3236,31.66,-0.00074,0.12386,0.02668,0.00019,0.0022,5.73e-05,,,
325632,9971,120.39,0.6833,100.0,100.0,84.5,0.3639,0.2016,0.0,0.322,31.59,-0.00046,0.09934,0.03182,6e-05,0.0005,5.58e-05,,,
327680,10035,120.91,0.6867,100.0,100.0,86.5,0.3541,0.2188,0.0,0.3393,31.28,-0.00055,0.09644,0.03435,0.00016,0.002,5.42e-05,,,
329728,10102,120.32,0.6865,100.0,100.0,86.5,0.3509,0.2118,0.0,0.3374,31.19,-0.0001,0.07117,0.03246,4e-05,0.0005,5.27e-05,,,
331776,10168,120.91,0.6901,100.0,100.0,88.0,0.3435,0.2252,0.0,0.3536,30.59,-0.00028,0.10578,0.03697,7e-05,0.0007,5.12e-05,,,
333824,10231,120.37,0.6842,100.0,100.0,86.0,0.3534,0.1999,0.0,0.3247,31.8,-0.00046,0.11472,0.03575,0.00011,0.0017,4.96e-05,,,
335872,10294,119.15,0.6773,100.0,100.0,83.0,0.357,0.1935,0.0,0.3159,32.29,-0.00036,0.06574,0.03329,9e-05,0.0013,4.81e-05,,,
337920,10359,121.03,0.6838,100.0,100.0,85.5,0.3584,0.2032,0.0,0.325,31.85,-6e-05,0.05603,0.03484,3e-05,0.0005,4.66e-05,,,
339968,10421,120.75,0.6864,100.0,100.0,87.5,0.3539,0.1951,0.0,0.3192,32.1,-0.0007,0.08496,0.03228,0.0002,0.0028,4.5e-05,,,
342016,10486,119.53,0.6819,100.0,100.0,83.5,0.3727,0.1978,0.0,0.3161,31.86,-0.0008,0.06286,0.039,0.00025,0.0048,4.35e-05,,,
344064,10551,118.44,0.6788,100.0,100.0,83.0,0.3614,0.2002,0.0,0.3185,32.0,-0.00061,0.0931,0.03909,0.00013,0.002,4.2e-05,,,
346112,10618,120.2,0.6883,100.0,100.0,87.0,0.3504,0.2174,0.0,0.3469,30.9,-0.00053,0.10847,0.03896,0.00013,0.0018,4.04e-05,,,
348160,10683,120.18,0.6837,100.0,100.0,84.5,0.358,0.2067,0.0,0.3347,31.16,-0.00027,0.08599,0.03282,4e-05,0.0004,3.89e-05,,,
350208,10745,118.87,0.6798,100.0,100.0,82.5,0.3838,0.1913,0.0,0.3048,32.46,-0.00072,0.09567,0.03561,0.00013,0.002,3.73e-05,,,
352256,10814,120.63,0.6907,100.0,100.0,87.0,0.3634,0.2207,0.0,0.3496,30.74,-0.00031,0.08948,0.0404,2e-05,0.0,3.58e-05,,,
354304,10878,121.28,0.6913,100.0,100.0,86.5,0.3849,0.2029,0.0,0.3284,31.29,-0.0015,0.08608,0.03822,0.00032,0.0024,3.43e-05,,,
356352,10946,123.2,0.6929,100.0,100.0,88.5,0.3573,0.2167,0.0,0.3477,30.7,3e-05,0.06136,0.03383,5e-05,0.0,3.27e-05,,,
358400,11012,123.05,0.6915,100.0,100.0,89.0,0.3335,0.2258,0.0,0.361,30.28,-0.00031,0.08131,0.03438,1e-05,0.0,3.12e-05,,,
360448,11080,122.03,0.6973,100.0,100.0,88.5,0.3861,0.2146,0.0,0.3461,30.67,-0.0001,0.08616,0.03692,2e-05,0.0,2.97e-05,0.6892,0.6992,-0.0101
362496,11145,120.66,0.6887,100.0,100.0,86.0,0.3712,0.2093,0.0,0.339,31.14,-0.00026,0.1174,0.03883,6e-05,0.0005,2.81e-05,,,
364544,11210,120.28,0.6895,100.0,100.0,85.5,0.3978,0.1986,0.0,0.3166,31.91,-0.00101,0.09549,0.03639,0.0002,0.0021,2.66e-05,,,
366592,11276,120.8,0.6857,100.0,100.0,84.5,0.3825,0.2028,0.0,0.3194,31.73,-0.00019,0.11502,0.0373,7e-05,0.0006,2.51e-05,,,
368640,11344,122.6,0.6972,100.0,100.0,91.0,0.3493,0.2215,0.0,0.352,30.52,-0.00025,0.05715,0.03791,4e-05,0.0004,2.35e-05,,,
370688,11410,121.63,0.6951,100.0,100.0,90.0,0.3396,0.2273,0.0,0.3696,30.04,-0.00066,0.05457,0.03662,4e-05,0.0007,2.2e-05,,,
372736,11474,119.49,0.6826,100.0,100.0,84.0,0.3698,0.2006,0.0,0.319,31.8,-7e-05,0.08244,0.03353,1e-05,0.0,2.04e-05,,,
374784,11539,119.44,0.6807,100.0,100.0,83.5,0.3625,0.208,0.0,0.3268,31.73,-6e-05,0.07253,0.03413,1e-05,0.0,1.89e-05,,,
376832,11602,120.26,0.6819,100.0,100.0,83.5,0.3764,0.2033,0.0,0.316,32.05,0.00017,0.14404,0.03183,2e-05,0.0,1.74e-05,,,
378880,11665,120.47,0.6855,100.0,100.0,85.5,0.381,0.1893,0.0,0.3079,32.41,-0.00027,0.09384,0.03382,3e-05,0.0004,1.58e-05,,,
380928,11734,121.67,0.6924,100.0,100.0,88.5,0.3425,0.2287,0.0,0.3618,30.09,-0.00012,0.07097,0.03715,1e-05,0.0,1.43e-05,,,
382976,11801,121.12,0.6952,100.0,100.0,87.5,0.381,0.2239,0.0,0.3491,30.43,-0.0006,0.08981,0.03835,5e-05,0.0006,1.28e-05,,,
385024,11864,121.08,0.6861,100.0,100.0,85.5,0.3771,0.1992,0.0,0.3144,32.01,-0.00026,0.082,0.0321,2e-05,0.0,1.12e-05,,,
387072,11927,119.82,0.6788,100.0,100.0,84.5,0.3567,0.182,0.0,0.2981,32.78,1e-05,0.0883,0.0302,2e-05,0.0,9.7e-06,,,
389120,11991,118.69,0.6756,100.0,100.0,83.0,0.348,0.1959,0.0,0.3135,32.42,-0.00021,0.10254,0.03297,1e-05,0.0,8.2e-06,,,
391168,12054,119.44,0.6796,100.0,100.0,83.0,0.3728,0.1927,0.0,0.3066,32.33,2e-05,0.14111,0.03158,0.0,0.0,6.6e-06,,,
393216,12118,118.71,0.6767,100.0,100.0,82.0,0.3671,0.1906,0.0,0.3083,32.32,-0.00016,0.10566,0.03154,1e-05,0.0,5.1e-06,,,
395264,12182,118.91,0.6806,100.0,100.0,83.5,0.3665,0.1891,0.0,0.3087,31.98,-0.0,0.08272,0.03027,0.0,0.0,3.6e-06,,,
397312,12246,120.18,0.6825,100.0,100.0,84.5,0.3714,0.1875,0.0,0.3036,32.26,-0.0001,0.10831,0.03133,0.0,0.0,2e-06,,,
399360,12312,122.32,0.6886,100.0,100.0,88.5,0.341,0.2064,0.0,0.3333,31.36,-6e-05,0.10946,0.03546,0.0,0.0,1e-06,,,
401408,12376,121.03,0.6864,100.0,100.0,87.0,0.3542,0.2033,0.0,0.3238,31.74,-1e-05,0.06843,0.03306,0.0,0.0,1e-06,0.6892,0.7,-0.0108
